Workbook

Sheet How to use
A1: OEE Tracker
A2: Version 1.0
B4: What this does
B6: Log each shift's production per machine. The workbook calculates Availability, Performance, Quality and OEE for every shift and summarizes them by machine on the Dashboard, for any date range.
B7: Colour key
B9: Yellow cells are for you to fill in.
B10: Grey cells are calculated. Don't type over them.
B11: Steps
B13: 1. Setup: list your machines and each one's ideal cycle time (the fastest sustainable time to make one part, in seconds). For a line, use the time per finished unit at rated speed.
B14: 2. Production Log: add one row per machine per shift. Planned stops are scheduled time the machine is not expected to run (breaks, planned meetings). Unplanned downtime is everything else it was stopped.
B15: 3. Dashboard: optionally enter a From and To date. Leave them blank to include everything.
B16: 4. The rows marked EXAMPLE show the expected format. Delete them before you start.
B17: How OEE is calculated
B19: Planned production time = shift length - planned stops. Run time = planned production time - unplanned downtime.
... B29: 85% OEE is a commonly cited 'world-class' benchmark. Set your own target on the Dashboard; many plants start well below that, and improvement against your own baseline matters more.

Sheet Setup
A1: Setup
A2: List each machine once. Names must match exactly what you pick in the log.
A4: Machine | B4: Ideal cycle time (seconds per part) | C4: Notes
A5: Press 01 | B5: 12 | C5: EXAMPLE
A6: CNC Lathe 02 | B6: 95 | C6: EXAMPLE
A7: Packaging Line A | B7: 2.5 | C7: EXAMPLE

Sheet Production Log
A1: Production Log
A2: One row per machine per shift. Fill in the yellow columns; grey columns calculate.
A4: Date | B4: Shift | C4: Machine | D4: Shift length (min) | E4: Planned stops (min) | F4: Unplanned downtime (min) | G4: Total parts | H4: Rejected parts | I4: Planned production time (min) | J4: Run time (min) | K4: Ideal cycle time (sec) | L4: Ideal run time (min) | M4: Good parts | N4: Availability | O4: Performance | P4: Quality | Q4: OEE | R4: Check
A5: 46266 | B5: Day | C5: Press 01 | D5: 480 | E5: 40 | F5: 35 | G5: 1900 | H5: 22 | I5: =IF($C5="","",D5-E5) -> 440 | J5: =IF($C5="","",I5-F5) -> 405 | K5: =IF($C5="","",IFERROR(INDEX(Setup!$B$5:$B$24,MATCH($C5,Setup!$A$5:$A$24,0)),"")) -> 12 | L5: =IF(OR($C5="",K5=""),"",K5*G5/60) -> 380 | M5: =IF($C5="","",G5-H5) -> 1878 | N5: =IF($C5="","",IF(I5<=0,"",J5/I5)) -> 0.92045455 | O5: =IF($C5="","",IF(OR(L5="",J5<=0),"",L5/J5)) -> 0.9382716 | P5: =IF($C5="","",IF(G5<=0,"",M5/G5)) -> 0.98842105 | Q5: =IF(OR(N5="",O5="",P5=""),"",N5*O5*P5) -> 0.85363636 | R5: =IF($C5="","",IF(K5="","Machine not in Setup",IF(H5>G5,"Rejects > total parts",IF(J5<0,"Downtime > planned time",IF(AND(ISNUMBER(O5),O5>1.05),"Performance > 100%: check cycle time or counts","OK"))))) -> OK
A6: 46266 | B6: Day | C6: CNC Lathe 02 | D6: 480 | E6: 40 | F6: 60 | G6: 210 | H6: 4 | I6: =IF($C6="","",D6-E6) -> 440 | J6: =IF($C6="","",I6-F6) -> 380 | K6: =IF($C6="","",IFERROR(INDEX(Setup!$B$5:$B$24,MATCH($C6,Setup!$A$5:$A$24,0)),"")) -> 95 | L6: =IF(OR($C6="",K6=""),"",K6*G6/60) -> 332.5 | M6: =IF($C6="","",G6-H6) -> 206 | N6: =IF($C6="","",IF(I6<=0,"",J6/I6)) -> 0.86363636 | O6: =IF($C6="","",IF(OR(L6="",J6<=0),"",L6/J6)) -> 0.875 | P6: =IF($C6="","",IF(G6<=0,"",M6/G6)) -> 0.98095238 | Q6: =IF(OR(N6="",O6="",P6=""),"",N6*O6*P6) -> 0.74128788 | R6: =IF($C6="","",IF(K6="","Machine not in Setup",IF(H6>G6,"Rejects > total parts",IF(J6<0,"Downtime > planned time",IF(AND(ISNUMBER(O6),O6>1.05),"Performance > 100%: check cycle time or counts","OK"))))) -> OK
A7: 46266 | B7: Day | C7: Packaging Line A | D7: 480 | E7: 40 | F7: 25 | G7: 9200 | H7: 150 | I7: =IF($C7="","",D7-E7) -> 440 | J7: =IF($C7="","",I7-F7) -> 415 | K7: =IF($C7="","",IFERROR(INDEX(Setup!$B$5:$B$24,MATCH($C7,Setup!$A$5:$A$24,0)),"")) -> 2.5 | L7: =IF(OR($C7="",K7=""),"",K7*G7/60) -> 383.33333 | M7: =IF($C7="","",G7-H7) -> 9050 | N7: =IF($C7="","",IF(I7<=0,"",J7/I7)) -> 0.94318182 | O7: =IF($C7="","",IF(OR(L7="",J7<=0),"",L7/J7)) -> 0.92369478 | P7: =IF($C7="","",IF(G7<=0,"",M7/G7)) -> 0.98369565 | Q7: =IF(OR(N7="",O7="",P7=""),"",N7*O7*P7) -> 0.85700758 | R7: =IF($C7="","",IF(K7="","Machine not in Setup",IF(H7>G7,"Rejects > total parts",IF(J7<0,"Downtime > planned time",IF(AND(ISNUMBER(O7),O7>1.05),"Performance > 100%: check cycle time or counts","OK"))))) -> OK
A8: 46267 | B8: Day | C8: Press 01 | D8: 480 | E8: 40 | F8: 90 | G8: 1500 | H8: 30 | I8: =IF($C8="","",D8-E8) -> 440 | J8: =IF($C8="","",I8-F8) -> 350 | K8: =IF($C8="","",IFERROR(INDEX(Setup!$B$5:$B$24,MATCH($C8,Setup!$A$5:$A$24,0)),"")) -> 12 | L8: =IF(OR($C8="",K8=""),"",K8*G8/60) -> 300 | M8: =IF($C8="","",G8-H8) -> 1470 | N8: =IF($C8="","",IF(I8<=0,"",J8/I8)) -> 0.79545455 | O8: =IF($C8="","",IF(OR(L8="",J8<=0),"",L8/J8)) -> 0.85714286 | P8: =IF($C8="","",IF(G8<=0,"",M8/G8)) -> 0.98 | Q8: =IF(OR(N8="",O8="",P8=""),"",N8*O8*P8) -> 0.66818182 | R8: =IF($C8="","",IF(K8="","Machine not in Setup",IF(H8>G8,"Rejects > total parts",IF(J8<0,"Downtime > planned time",IF(AND(ISNUMBER(O8),O8>1.05),"Performance > 100%: check cycle time or counts","OK"))))) -> OK
A9: 46267 | B9: Day | C9: CNC Lathe 02 | D9: 480 | E9: 40 | F9: 20 | G9: 240 | H9: 2 | I9: =IF($C9="","",D9-E9) -> 440 | J9: =IF($C9="","",I9-F9) -> 420 | K9: =IF($C9="","",IFERROR(INDEX(Setup!$B$5:$B$24,MATCH($C9,Setup!$A$5:$A$24,0)),"")) -> 95 | L9: =IF(OR($C9="",K9=""),"",K9*G9/60) -> 380 | M9: =IF($C9="","",G9-H9) -> 238 | N9: =IF($C9="","",IF(I9<=0,"",J9/I9)) -> 0.95454545 | O9: =IF($C9="","",IF(OR(L9="",J9<=0),"",L9/J9)) -> 0.9047619 | P9: =IF($C9="","",IF(G9<=0,"",M9/G9)) -> 0.99166667 | Q9: =IF(OR(N9="",O9="",P9=""),"",N9*O9*P9) -> 0.85643939 | R9: =IF($C9="","",IF(K9="","Machine not in Setup",IF(H9>G9,"Rejects > total parts",IF(J9<0,"Downtime > planned time",IF(AND(ISNUMBER(O9),O9>1.05),"Performance > 100%: check cycle time or counts","OK"))))) -> OK
A10: 46267 | B10: Day | C10: Packaging Line A | D10: 480 | E10: 40 | F10: 55 | G10: 8400 | H10: 95 | I10: =IF($C10="","",D10-E10) -> 440 | J10: =IF($C10="","",I10-F10) -> 385 | K10: =IF($C10="","",IFERROR(INDEX(Setup!$B$5:$B$24,MATCH($C10,Setup!$A$5:$A$24,0)),"")) -> 2.5 | L10: =IF(OR($C10="",K10=""),"",K10*G10/60) -> 350 | M10: =IF($C10="","",G10-H10) -> 8305 | N10: =IF($C10="","",IF(I10<=0,"",J10/I10)) -> 0.875 | O10: =IF($C10="","",IF(OR(L10="",J10<=0),"",L10/J10)) -> 0.90909091 | P10: =IF($C10="","",IF(G10<=0,"",M10/G10)) -> 0.98869048 | Q10: =IF(OR(N10="",O10="",P10=""),"",N10*O10*P10) -> 0.78645833 | R10: =IF($C10="","",IF(K10="","Machine not in Setup",IF(H10>G10,"Rejects > total parts",IF(J10<0,"Downtime > planned time",IF(AND(ISNUMBER(O10),O10>1.05),"Performance > 100%: check cycle time or counts","OK"))))) -> OK
I11: =IF($C11="","",D11-E11) | J11: =IF($C11="","",I11-F11) | K11: =IF($C11="","",IFERROR(INDEX(Setup!$B$5:$B$24,MATCH($C11,Setup!$A$5:$A$24,0)),"")) | L11: =IF(OR($C11="",K11=""),"",K11*G11/60) | M11: =IF($C11="","",G11-H11) | N11: =IF($C11="","",IF(I11<=0,"",J11/I11)) | O11: =IF($C11="","",IF(OR(L11="",J11<=0),"",L11/J11)) | P11: =IF($C11="","",IF(G11<=0,"",M11/G11)) | Q11: =IF(OR(N11="",O11="",P11=""),"",N11*O11*P11) | R11: =IF($C11="","",IF(K11="","Machine not in Setup",IF(H11>G11,"Rejects > total parts",IF(J11<0,"Downtime > planned time",IF(AND(ISNUMBER(O11),O11>1.05),"Performance > 100%: check cycle time or counts","OK")))))
I12: =IF($C12="","",D12-E12) | J12: =IF($C12="","",I12-F12) | K12: =IF($C12="","",IFERROR(INDEX(Setup!$B$5:$B$24,MATCH($C12,Setup!$A$5:$A$24,0)),"")) | L12: =IF(OR($C12="",K12=""),"",K12*G12/60) | M12: =IF($C12="","",G12-H12) | N12: =IF($C12="","",IF(I12<=0,"",J12/I12)) | O12: =IF($C12="","",IF(OR(L12="",J12<=0),"",L12/J12)) | P12: =IF($C12="","",IF(G12<=0,"",M12/G12)) | Q12: =IF(OR(N12="",O12="",P12=""),"",N12*O12*P12) | R12: =IF($C12="","",IF(K12="","Machine not in Setup",IF(H12>G12,"Rejects > total parts",IF(J12<0,"Downtime > planned time",IF(AND(ISNUMBER(O12),O12>1.05),"Performance > 100%: check cycle time or counts","OK")))))
I13: =IF($C13="","",D13-E13) | J13: =IF($C13="","",I13-F13) | K13: =IF($C13="","",IFERROR(INDEX(Setup!$B$5:$B$24,MATCH($C13,Setup!$A$5:$A$24,0)),"")) | L13: =IF(OR($C13="",K13=""),"",K13*G13/60) | M13: =IF($C13="","",G13-H13) | N13: =IF($C13="","",IF(I13<=0,"",J13/I13)) | O13: =IF($C13="","",IF(OR(L13="",J13<=0),"",L13/J13)) | P13: =IF($C13="","",IF(G13<=0,"",M13/G13)) | Q13: =IF(OR(N13="",O13="",P13=""),"",N13*O13*P13) | R13: =IF($C13="","",IF(K13="","Machine not in Setup",IF(H13>G13,"Rejects > total parts",IF(J13<0,"Downtime > planned time",IF(AND(ISNUMBER(O13),O13>1.05),"Performance > 100%: check cycle time or counts","OK")))))
I14: =IF($C14="","",D14-E14) | J14: =IF($C14="","",I14-F14) | K14: =IF($C14="","",IFERROR(INDEX(Setup!$B$5:$B$24,MATCH($C14,Setup!$A$5:$A$24,0)),"")) | L14: =IF(OR($C14="",K14=""),"",K14*G14/60) | M14: =IF($C14="","",G14-H14) | N14: =IF($C14="","",IF(I14<=0,"",J14/I14)) | O14: =IF($C14="","",IF(OR(L14="",J14<=0),"",L14/J14)) | P14: =IF($C14="","",IF(G14<=0,"",M14/G14)) | Q14: =IF(OR(N14="",O14="",P14=""),"",N14*O14*P14) | R14: =IF($C14="","",IF(K14="","Machine not in Setup",IF(H14>G14,"Rejects > total parts",IF(J14<0,"Downtime > planned time",IF(AND(ISNUMBER(O14),O14>1.05),"Performance > 100%: check cycle time or counts","OK")))))
I15: =IF($C15="","",D15-E15) | J15: =IF($C15="","",I15-F15) | K15: =IF($C15="","",IFERROR(INDEX(Setup!$B$5:$B$24,MATCH($C15,Setup!$A$5:$A$24,0)),"")) | L15: =IF(OR($C15="",K15=""),"",K15*G15/60) | M15: =IF($C15="","",G15-H15) | N15: =IF($C15="","",IF(I15<=0,"",J15/I15)) | O15: =IF($C15="","",IF(OR(L15="",J15<=0),"",L15/J15)) | P15: =IF($C15="","",IF(G15<=0,"",M15/G15)) | Q15: =IF(OR(N15="",O15="",P15=""),"",N15*O15*P15) | R15: =IF($C15="","",IF(K15="","Machine not in Setup",IF(H15>G15,"Rejects > total parts",IF(J15<0,"Downtime > planned time",IF(AND(ISNUMBER(O15),O15>1.05),"Performance > 100%: check cycle time or counts","OK")))))
I16: =IF($C16="","",D16-E16) | J16: =IF($C16="","",I16-F16) | K16: =IF($C16="","",IFERROR(INDEX(Setup!$B$5:$B$24,MATCH($C16,Setup!$A$5:$A$24,0)),"")) | L16: =IF(OR($C16="",K16=""),"",K16*G16/60) | M16: =IF($C16="","",G16-H16) | N16: =IF($C16="","",IF(I16<=0,"",J16/I16)) | O16: =IF($C16="","",IF(OR(L16="",J16<=0),"",L16/J16)) | P16: =IF($C16="","",IF(G16<=0,"",M16/G16)) | Q16: =IF(OR(N16="",O16="",P16=""),"",N16*O16*P16) | R16: =IF($C16="","",IF(K16="","Machine not in Setup",IF(H16>G16,"Rejects > total parts",IF(J16<0,"Downtime > planned time",IF(AND(ISNUMBER(O16),O16>1.05),"Performance > 100%: check cycle time or counts","OK")))))
I17: =IF($C17="","",D17-E17) | J17: =IF($C17="","",I17-F17) | K17: =IF($C17="","",IFERROR(INDEX(Setup!$B$5:$B$24,MATCH($C17,Setup!$A$5:$A$24,0)),"")) | L17: =IF(OR($C17="",K17=""),"",K17*G17/60) | M17: =IF($C17="","",G17-H17) | N17: =IF($C17="","",IF(I17<=0,"",J17/I17)) | O17: =IF($C17="","",IF(OR(L17="",J17<=0),"",L17/J17)) | P17: =IF($C17="","",IF(G17<=0,"",M17/G17)) | Q17: =IF(OR(N17="",O17="",P17=""),"",N17*O17*P17) | R17: =IF($C17="","",IF(K17="","Machine not in Setup",IF(H17>G17,"Rejects > total parts",IF(J17<0,"Downtime > planned time",IF(AND(ISNUMBER(O17),O17>1.05),"Performance > 100%: check cycle time or counts","OK")))))
I18: =IF($C18="","",D18-E18) | J18: =IF($C18="","",I18-F18) | K18: =IF($C18="","",IFERROR(INDEX(Setup!$B$5:$B$24,MATCH($C18,Setup!$A$5:$A$24,0)),"")) | L18: =IF(OR($C18="",K18=""),"",K18*G18/60) | M18: =IF($C18="","",G18-H18) | N18: =IF($C18="","",IF(I18<=0,"",J18/I18)) | O18: =IF($C18="","",IF(OR(L18="",J18<=0),"",L18/J18)) | P18: =IF($C18="","",IF(G18<=0,"",M18/G18)) | Q18: =IF(OR(N18="",O18="",P18=""),"",N18*O18*P18) | R18: =IF($C18="","",IF(K18="","Machine not in Setup",IF(H18>G18,"Rejects > total parts",IF(J18<0,"Downtime > planned time",IF(AND(ISNUMBER(O18),O18>1.05),"Performance > 100%: check cycle time or counts","OK")))))
I19: =IF($C19="","",D19-E19) | J19: =IF($C19="","",I19-F19) | K19: =IF($C19="","",IFERROR(INDEX(Setup!$B$5:$B$24,MATCH($C19,Setup!$A$5:$A$24,0)),"")) | L19: =IF(OR($C19="",K19=""),"",K19*G19/60) | M19: =IF($C19="","",G19-H19) | N19: =IF($C19="","",IF(I19<=0,"",J19/I19)) | O19: =IF($C19="","",IF(OR(L19="",J19<=0),"",L19/J19)) | P19: =IF($C19="","",IF(G19<=0,"",M19/G19)) | Q19: =IF(OR(N19="",O19="",P19=""),"",N19*O19*P19) | R19: =IF($C19="","",IF(K19="","Machine not in Setup",IF(H19>G19,"Rejects > total parts",IF(J19<0,"Downtime > planned time",IF(AND(ISNUMBER(O19),O19>1.05),"Performance > 100%: check cycle time or counts","OK")))))
I20: =IF($C20="","",D20-E20) | J20: =IF($C20="","",I20-F20) | K20: =IF($C20="","",IFERROR(INDEX(Setup!$B$5:$B$24,MATCH($C20,Setup!$A$5:$A$24,0)),"")) | L20: =IF(OR($C20="",K20=""),"",K20*G20/60) | M20: =IF($C20="","",G20-H20) | N20: =IF($C20="","",IF(I20<=0,"",J20/I20)) | O20: =IF($C20="","",IF(OR(L20="",J20<=0),"",L20/J20)) | P20: =IF($C20="","",IF(G20<=0,"",M20/G20)) | Q20: =IF(OR(N20="",O20="",P20=""),"",N20*O20*P20) | R20: =IF($C20="","",IF(K20="","Machine not in Setup",IF(H20>G20,"Rejects > total parts",IF(J20<0,"Downtime > planned time",IF(AND(ISNUMBER(O20),O20>1.05),"Performance > 100%: check cycle time or counts","OK")))))
I21: =IF($C21="","",D21-E21) | J21: =IF($C21="","",I21-F21) | K21: =IF($C21="","",IFERROR(INDEX(Setup!$B$5:$B$24,MATCH($C21,Setup!$A$5:$A$24,0)),"")) | L21: =IF(OR($C21="",K21=""),"",K21*G21/60) | M21: =IF($C21="","",G21-H21) | N21: =IF($C21="","",IF(I21<=0,"",J21/I21)) | O21: =IF($C21="","",IF(OR(L21="",J21<=0),"",L21/J21)) | P21: =IF($C21="","",IF(G21<=0,"",M21/G21)) | Q21: =IF(OR(N21="",O21="",P21=""),"",N21*O21*P21) | R21: =IF($C21="","",IF(K21="","Machine not in Setup",IF(H21>G21,"Rejects > total parts",IF(J21<0,"Downtime > planned time",IF(AND(ISNUMBER(O21),O21>1.05),"Performance > 100%: check cycle time or counts","OK")))))
I22: =IF($C22="","",D22-E22) | J22: =IF($C22="","",I22-F22) | K22: =IF($C22="","",IFERROR(INDEX(Setup!$B$5:$B$24,MATCH($C22,Setup!$A$5:$A$24,0)),"")) | L22: =IF(OR($C22="",K22=""),"",K22*G22/60) | M22: =IF($C22="","",G22-H22) | N22: =IF($C22="","",IF(I22<=0,"",J22/I22)) | O22: =IF($C22="","",IF(OR(L22="",J22<=0),"",L22/J22)) | P22: =IF($C22="","",IF(G22<=0,"",M22/G22)) | Q22: =IF(OR(N22="",O22="",P22=""),"",N22*O22*P22) | R22: =IF($C22="","",IF(K22="","Machine not in Setup",IF(H22>G22,"Rejects > total parts",IF(J22<0,"Downtime > planned time",IF(AND(ISNUMBER(O22),O22>1.05),"Performance > 100%: check cycle time or counts","OK")))))
... I504: =IF($C504="","",D504-E504) | J504: =IF($C504="","",I504-F504) | K504: =IF($C504="","",IFERROR(INDEX(Setup!$B$5:$B$24,MATCH($C504,Setup!$A$5:$A$24,0)),"")) | L504: =IF(OR($C504="",K504=""),"",K504*G504/60) | M504: =IF($C504="","",G504-H504) | N504: =IF($C504="","",IF(I504<=0,"",J504/I504)) | O504: =IF($C504="","",IF(OR(L504="",J504<=0),"",L504/J504)) | P504: =IF($C504="","",IF(G504<=0,"",M504/G504)) | Q504: =IF(OR(N504="",O504="",P504=""),"",N504*O504*P504) | R504: =IF($C504="","",IF(K504="","Machine not in Setup",IF(H504>G504,"Rejects > total parts",IF(J504<0,"Downtime > planned time",IF(AND(ISNUMBER(O504),O504>1.05),"Performance > 100%: check cycle time or counts","OK")))))

Sheet Dashboard
A1: Dashboard
A2: Summary by machine for the date range below. Leave dates blank to include all rows.
A3: From date | D3: =IF(B3="",DATE(1900,1,1),B3) -> 2
A4: To date | D4: =IF(B4="",DATE(2999,12,31),B4) -> 401768
A5: OEE target | B5: 0.85
A8: Machine | B8: Planned time (min) | C8: Run time (min) | D8: Unplanned downtime (min) | E8: Total parts | F8: Good parts | G8: Ideal run time (min) | H8: Availability | I8: Performance | J8: Quality | K8: OEE | L8: OEE vs target
A9: =IF(Setup!A5="","",Setup!A5) -> Press 01 | B9: =IF($A9="","",SUMIFS('Production Log'!$I$5:$I$504,'Production Log'!$C$5:$C$504,$A9,'Production Log'!$A$5:$A$504,">="&$D$3,'Production Log'!$A$5:$A$504,"<="&$D$4)) -> 880 | C9: =IF($A9="","",SUMIFS('Production Log'!$J$5:$J$504,'Production Log'!$C$5:$C$504,$A9,'Production Log'!$A$5:$A$504,">="&$D$3,'Production Log'!$A$5:$A$504,"<="&$D$4)) -> 755 | D9: =IF($A9="","",SUMIFS('Production Log'!$F$5:$F$504,'Production Log'!$C$5:$C$504,$A9,'Production Log'!$A$5:$A$504,">="&$D$3,'Production Log'!$A$5:$A$504,"<="&$D$4)) -> 125 | E9: =IF($A9="","",SUMIFS('Production Log'!$G$5:$G$504,'Production Log'!$C$5:$C$504,$A9,'Production Log'!$A$5:$A$504,">="&$D$3,'Production Log'!$A$5:$A$504,"<="&$D$4)) -> 3400 | F9: =IF($A9="","",SUMIFS('Production Log'!$M$5:$M$504,'Production Log'!$C$5:$C$504,$A9,'Production Log'!$A$5:$A$504,">="&$D$3,'Production Log'!$A$5:$A$504,"<="&$D$4)) -> 3348 | G9: =IF($A9="","",SUMIFS('Production Log'!$L$5:$L$504,'Production Log'!$C$5:$C$504,$A9,'Production Log'!$A$5:$A$504,">="&$D$3,'Production Log'!$A$5:$A$504,"<="&$D$4)) -> 680 | H9: =IF($A9="","",IF(B9=0,"",C9/B9)) -> 0.85795455 | I9: =IF($A9="","",IF(C9=0,"",G9/C9)) -> 0.90066225 | J9: =IF($A9="","",IF(E9=0,"",F9/E9)) -> 0.98470588 | K9: =IF(OR(H9="",I9="",J9=""),"",H9*I9*J9) -> 0.76090909 | L9: =IF(K9="","",K9-$B$5) -> -0.089090909
A10: =IF(Setup!A6="","",Setup!A6) -> CNC Lathe 02 | B10: =IF($A10="","",SUMIFS('Production Log'!$I$5:$I$504,'Production Log'!$C$5:$C$504,$A10,'Production Log'!$A$5:$A$504,">="&$D$3,'Production Log'!$A$5:$A$504,"<="&$D$4)) -> 880 | C10: =IF($A10="","",SUMIFS('Production Log'!$J$5:$J$504,'Production Log'!$C$5:$C$504,$A10,'Production Log'!$A$5:$A$504,">="&$D$3,'Production Log'!$A$5:$A$504,"<="&$D$4)) -> 800 | D10: =IF($A10="","",SUMIFS('Production Log'!$F$5:$F$504,'Production Log'!$C$5:$C$504,$A10,'Production Log'!$A$5:$A$504,">="&$D$3,'Production Log'!$A$5:$A$504,"<="&$D$4)) -> 80 | E10: =IF($A10="","",SUMIFS('Production Log'!$G$5:$G$504,'Production Log'!$C$5:$C$504,$A10,'Production Log'!$A$5:$A$504,">="&$D$3,'Production Log'!$A$5:$A$504,"<="&$D$4)) -> 450 | F10: =IF($A10="","",SUMIFS('Production Log'!$M$5:$M$504,'Production Log'!$C$5:$C$504,$A10,'Production Log'!$A$5:$A$504,">="&$D$3,'Production Log'!$A$5:$A$504,"<="&$D$4)) -> 444 | G10: =IF($A10="","",SUMIFS('Production Log'!$L$5:$L$504,'Production Log'!$C$5:$C$504,$A10,'Production Log'!$A$5:$A$504,">="&$D$3,'Production Log'!$A$5:$A$504,"<="&$D$4)) -> 712.5 | H10: =IF($A10="","",IF(B10=0,"",C10/B10)) -> 0.90909091 | I10: =IF($A10="","",IF(C10=0,"",G10/C10)) -> 0.890625 | J10: =IF($A10="","",IF(E10=0,"",F10/E10)) -> 0.98666667 | K10: =IF(OR(H10="",I10="",J10=""),"",H10*I10*J10) -> 0.79886364 | L10: =IF(K10="","",K10-$B$5) -> -0.051136364
A11: =IF(Setup!A7="","",Setup!A7) -> Packaging Line A | B11: =IF($A11="","",SUMIFS('Production Log'!$I$5:$I$504,'Production Log'!$C$5:$C$504,$A11,'Production Log'!$A$5:$A$504,">="&$D$3,'Production Log'!$A$5:$A$504,"<="&$D$4)) -> 880 | C11: =IF($A11="","",SUMIFS('Production Log'!$J$5:$J$504,'Production Log'!$C$5:$C$504,$A11,'Production Log'!$A$5:$A$504,">="&$D$3,'Production Log'!$A$5:$A$504,"<="&$D$4)) -> 800 | D11: =IF($A11="","",SUMIFS('Production Log'!$F$5:$F$504,'Production Log'!$C$5:$C$504,$A11,'Production Log'!$A$5:$A$504,">="&$D$3,'Production Log'!$A$5:$A$504,"<="&$D$4)) -> 80 | E11: =IF($A11="","",SUMIFS('Production Log'!$G$5:$G$504,'Production Log'!$C$5:$C$504,$A11,'Production Log'!$A$5:$A$504,">="&$D$3,'Production Log'!$A$5:$A$504,"<="&$D$4)) -> 17600 | F11: =IF($A11="","",SUMIFS('Production Log'!$M$5:$M$504,'Production Log'!$C$5:$C$504,$A11,'Production Log'!$A$5:$A$504,">="&$D$3,'Production Log'!$A$5:$A$504,"<="&$D$4)) -> 17355 | G11: =IF($A11="","",SUMIFS('Production Log'!$L$5:$L$504,'Production Log'!$C$5:$C$504,$A11,'Production Log'!$A$5:$A$504,">="&$D$3,'Production Log'!$A$5:$A$504,"<="&$D$4)) -> 733.33333 | H11: =IF($A11="","",IF(B11=0,"",C11/B11)) -> 0.90909091 | I11: =IF($A11="","",IF(C11=0,"",G11/C11)) -> 0.91666667 | J11: =IF($A11="","",IF(E11=0,"",F11/E11)) -> 0.98607955 | K11: =IF(OR(H11="",I11="",J11=""),"",H11*I11*J11) -> 0.82173295 | L11: =IF(K11="","",K11-$B$5) -> -0.028267045
A12: =IF(Setup!A8="","",Setup!A8) | B12: =IF($A12="","",SUMIFS('Production Log'!$I$5:$I$504,'Production Log'!$C$5:$C$504,$A12,'Production Log'!$A$5:$A$504,">="&$D$3,'Production Log'!$A$5:$A$504,"<="&$D$4)) | C12: =IF($A12="","",SUMIFS('Production Log'!$J$5:$J$504,'Production Log'!$C$5:$C$504,$A12,'Production Log'!$A$5:$A$504,">="&$D$3,'Production Log'!$A$5:$A$504,"<="&$D$4)) | D12: =IF($A12="","",SUMIFS('Production Log'!$F$5:$F$504,'Production Log'!$C$5:$C$504,$A12,'Production Log'!$A$5:$A$504,">="&$D$3,'Production Log'!$A$5:$A$504,"<="&$D$4)) | E12: =IF($A12="","",SUMIFS('Production Log'!$G$5:$G$504,'Production Log'!$C$5:$C$504,$A12,'Production Log'!$A$5:$A$504,">="&$D$3,'Production Log'!$A$5:$A$504,"<="&$D$4)) | F12: =IF($A12="","",SUMIFS('Production Log'!$M$5:$M$504,'Production Log'!$C$5:$C$504,$A12,'Production Log'!$A$5:$A$504,">="&$D$3,'Production Log'!$A$5:$A$504,"<="&$D$4)) | G12: =IF($A12="","",SUMIFS('Production Log'!$L$5:$L$504,'Production Log'!$C$5:$C$504,$A12,'Production Log'!$A$5:$A$504,">="&$D$3,'Production Log'!$A$5:$A$504,"<="&$D$4)) | H12: =IF($A12="","",IF(B12=0,"",C12/B12)) | I12: =IF($A12="","",IF(C12=0,"",G12/C12)) | J12: =IF($A12="","",IF(E12=0,"",F12/E12)) | K12: =IF(OR(H12="",I12="",J12=""),"",H12*I12*J12) | L12: =IF(K12="","",K12-$B$5)
A13: =IF(Setup!A9="","",Setup!A9) | B13: =IF($A13="","",SUMIFS('Production Log'!$I$5:$I$504,'Production Log'!$C$5:$C$504,$A13,'Production Log'!$A$5:$A$504,">="&$D$3,'Production Log'!$A$5:$A$504,"<="&$D$4)) | C13: =IF($A13="","",SUMIFS('Production Log'!$J$5:$J$504,'Production Log'!$C$5:$C$504,$A13,'Production Log'!$A$5:$A$504,">="&$D$3,'Production Log'!$A$5:$A$504,"<="&$D$4)) | D13: =IF($A13="","",SUMIFS('Production Log'!$F$5:$F$504,'Production Log'!$C$5:$C$504,$A13,'Production Log'!$A$5:$A$504,">="&$D$3,'Production Log'!$A$5:$A$504,"<="&$D$4)) | E13: =IF($A13="","",SUMIFS('Production Log'!$G$5:$G$504,'Production Log'!$C$5:$C$504,$A13,'Production Log'!$A$5:$A$504,">="&$D$3,'Production Log'!$A$5:$A$504,"<="&$D$4)) | F13: =IF($A13="","",SUMIFS('Production Log'!$M$5:$M$504,'Production Log'!$C$5:$C$504,$A13,'Production Log'!$A$5:$A$504,">="&$D$3,'Production Log'!$A$5:$A$504,"<="&$D$4)) | G13: =IF($A13="","",SUMIFS('Production Log'!$L$5:$L$504,'Production Log'!$C$5:$C$504,$A13,'Production Log'!$A$5:$A$504,">="&$D$3,'Production Log'!$A$5:$A$504,"<="&$D$4)) | H13: =IF($A13="","",IF(B13=0,"",C13/B13)) | I13: =IF($A13="","",IF(C13=0,"",G13/C13)) | J13: =IF($A13="","",IF(E13=0,"",F13/E13)) | K13: =IF(OR(H13="",I13="",J13=""),"",H13*I13*J13) | L13: =IF(K13="","",K13-$B$5)
A14: =IF(Setup!A10="","",Setup!A10) | B14: =IF($A14="","",SUMIFS('Production Log'!$I$5:$I$504,'Production Log'!$C$5:$C$504,$A14,'Production Log'!$A$5:$A$504,">="&$D$3,'Production Log'!$A$5:$A$504,"<="&$D$4)) | C14: =IF($A14="","",SUMIFS('Production Log'!$J$5:$J$504,'Production Log'!$C$5:$C$504,$A14,'Production Log'!$A$5:$A$504,">="&$D$3,'Production Log'!$A$5:$A$504,"<="&$D$4)) | D14: =IF($A14="","",SUMIFS('Production Log'!$F$5:$F$504,'Production Log'!$C$5:$C$504,$A14,'Production Log'!$A$5:$A$504,">="&$D$3,'Production Log'!$A$5:$A$504,"<="&$D$4)) | E14: =IF($A14="","",SUMIFS('Production Log'!$G$5:$G$504,'Production Log'!$C$5:$C$504,$A14,'Production Log'!$A$5:$A$504,">="&$D$3,'Production Log'!$A$5:$A$504,"<="&$D$4)) | F14: =IF($A14="","",SUMIFS('Production Log'!$M$5:$M$504,'Production Log'!$C$5:$C$504,$A14,'Production Log'!$A$5:$A$504,">="&$D$3,'Production Log'!$A$5:$A$504,"<="&$D$4)) | G14: =IF($A14="","",SUMIFS('Production Log'!$L$5:$L$504,'Production Log'!$C$5:$C$504,$A14,'Production Log'!$A$5:$A$504,">="&$D$3,'Production Log'!$A$5:$A$504,"<="&$D$4)) | H14: =IF($A14="","",IF(B14=0,"",C14/B14)) | I14: =IF($A14="","",IF(C14=0,"",G14/C14)) | J14: =IF($A14="","",IF(E14=0,"",F14/E14)) | K14: =IF(OR(H14="",I14="",J14=""),"",H14*I14*J14) | L14: =IF(K14="","",K14-$B$5)
A15: =IF(Setup!A11="","",Setup!A11) | B15: =IF($A15="","",SUMIFS('Production Log'!$I$5:$I$504,'Production Log'!$C$5:$C$504,$A15,'Production Log'!$A$5:$A$504,">="&$D$3,'Production Log'!$A$5:$A$504,"<="&$D$4)) | C15: =IF($A15="","",SUMIFS('Production Log'!$J$5:$J$504,'Production Log'!$C$5:$C$504,$A15,'Production Log'!$A$5:$A$504,">="&$D$3,'Production Log'!$A$5:$A$504,"<="&$D$4)) | D15: =IF($A15="","",SUMIFS('Production Log'!$F$5:$F$504,'Production Log'!$C$5:$C$504,$A15,'Production Log'!$A$5:$A$504,">="&$D$3,'Production Log'!$A$5:$A$504,"<="&$D$4)) | E15: =IF($A15="","",SUMIFS('Production Log'!$G$5:$G$504,'Production Log'!$C$5:$C$504,$A15,'Production Log'!$A$5:$A$504,">="&$D$3,'Production Log'!$A$5:$A$504,"<="&$D$4)) | F15: =IF($A15="","",SUMIFS('Production Log'!$M$5:$M$504,'Production Log'!$C$5:$C$504,$A15,'Production Log'!$A$5:$A$504,">="&$D$3,'Production Log'!$A$5:$A$504,"<="&$D$4)) | G15: =IF($A15="","",SUMIFS('Production Log'!$L$5:$L$504,'Production Log'!$C$5:$C$504,$A15,'Production Log'!$A$5:$A$504,">="&$D$3,'Production Log'!$A$5:$A$504,"<="&$D$4)) | H15: =IF($A15="","",IF(B15=0,"",C15/B15)) | I15: =IF($A15="","",IF(C15=0,"",G15/C15)) | J15: =IF($A15="","",IF(E15=0,"",F15/E15)) | K15: =IF(OR(H15="",I15="",J15=""),"",H15*I15*J15) | L15: =IF(K15="","",K15-$B$5)
A16: =IF(Setup!A12="","",Setup!A12) | B16: =IF($A16="","",SUMIFS('Production Log'!$I$5:$I$504,'Production Log'!$C$5:$C$504,$A16,'Production Log'!$A$5:$A$504,">="&$D$3,'Production Log'!$A$5:$A$504,"<="&$D$4)) | C16: =IF($A16="","",SUMIFS('Production Log'!$J$5:$J$504,'Production Log'!$C$5:$C$504,$A16,'Production Log'!$A$5:$A$504,">="&$D$3,'Production Log'!$A$5:$A$504,"<="&$D$4)) | D16: =IF($A16="","",SUMIFS('Production Log'!$F$5:$F$504,'Production Log'!$C$5:$C$504,$A16,'Production Log'!$A$5:$A$504,">="&$D$3,'Production Log'!$A$5:$A$504,"<="&$D$4)) | E16: =IF($A16="","",SUMIFS('Production Log'!$G$5:$G$504,'Production Log'!$C$5:$C$504,$A16,'Production Log'!$A$5:$A$504,">="&$D$3,'Production Log'!$A$5:$A$504,"<="&$D$4)) | F16: =IF($A16="","",SUMIFS('Production Log'!$M$5:$M$504,'Production Log'!$C$5:$C$504,$A16,'Production Log'!$A$5:$A$504,">="&$D$3,'Production Log'!$A$5:$A$504,"<="&$D$4)) | G16: =IF($A16="","",SUMIFS('Production Log'!$L$5:$L$504,'Production Log'!$C$5:$C$504,$A16,'Production Log'!$A$5:$A$504,">="&$D$3,'Production Log'!$A$5:$A$504,"<="&$D$4)) | H16: =IF($A16="","",IF(B16=0,"",C16/B16)) | I16: =IF($A16="","",IF(C16=0,"",G16/C16)) | J16: =IF($A16="","",IF(E16=0,"",F16/E16)) | K16: =IF(OR(H16="",I16="",J16=""),"",H16*I16*J16) | L16: =IF(K16="","",K16-$B$5)
A17: =IF(Setup!A13="","",Setup!A13) | B17: =IF($A17="","",SUMIFS('Production Log'!$I$5:$I$504,'Production Log'!$C$5:$C$504,$A17,'Production Log'!$A$5:$A$504,">="&$D$3,'Production Log'!$A$5:$A$504,"<="&$D$4)) | C17: =IF($A17="","",SUMIFS('Production Log'!$J$5:$J$504,'Production Log'!$C$5:$C$504,$A17,'Production Log'!$A$5:$A$504,">="&$D$3,'Production Log'!$A$5:$A$504,"<="&$D$4)) | D17: =IF($A17="","",SUMIFS('Production Log'!$F$5:$F$504,'Production Log'!$C$5:$C$504,$A17,'Production Log'!$A$5:$A$504,">="&$D$3,'Production Log'!$A$5:$A$504,"<="&$D$4)) | E17: =IF($A17="","",SUMIFS('Production Log'!$G$5:$G$504,'Production Log'!$C$5:$C$504,$A17,'Production Log'!$A$5:$A$504,">="&$D$3,'Production Log'!$A$5:$A$504,"<="&$D$4)) | F17: =IF($A17="","",SUMIFS('Production Log'!$M$5:$M$504,'Production Log'!$C$5:$C$504,$A17,'Production Log'!$A$5:$A$504,">="&$D$3,'Production Log'!$A$5:$A$504,"<="&$D$4)) | G17: =IF($A17="","",SUMIFS('Production Log'!$L$5:$L$504,'Production Log'!$C$5:$C$504,$A17,'Production Log'!$A$5:$A$504,">="&$D$3,'Production Log'!$A$5:$A$504,"<="&$D$4)) | H17: =IF($A17="","",IF(B17=0,"",C17/B17)) | I17: =IF($A17="","",IF(C17=0,"",G17/C17)) | J17: =IF($A17="","",IF(E17=0,"",F17/E17)) | K17: =IF(OR(H17="",I17="",J17=""),"",H17*I17*J17) | L17: =IF(K17="","",K17-$B$5)
A18: =IF(Setup!A14="","",Setup!A14) | B18: =IF($A18="","",SUMIFS('Production Log'!$I$5:$I$504,'Production Log'!$C$5:$C$504,$A18,'Production Log'!$A$5:$A$504,">="&$D$3,'Production Log'!$A$5:$A$504,"<="&$D$4)) | C18: =IF($A18="","",SUMIFS('Production Log'!$J$5:$J$504,'Production Log'!$C$5:$C$504,$A18,'Production Log'!$A$5:$A$504,">="&$D$3,'Production Log'!$A$5:$A$504,"<="&$D$4)) | D18: =IF($A18="","",SUMIFS('Production Log'!$F$5:$F$504,'Production Log'!$C$5:$C$504,$A18,'Production Log'!$A$5:$A$504,">="&$D$3,'Production Log'!$A$5:$A$504,"<="&$D$4)) | E18: =IF($A18="","",SUMIFS('Production Log'!$G$5:$G$504,'Production Log'!$C$5:$C$504,$A18,'Production Log'!$A$5:$A$504,">="&$D$3,'Production Log'!$A$5:$A$504,"<="&$D$4)) | F18: =IF($A18="","",SUMIFS('Production Log'!$M$5:$M$504,'Production Log'!$C$5:$C$504,$A18,'Production Log'!$A$5:$A$504,">="&$D$3,'Production Log'!$A$5:$A$504,"<="&$D$4)) | G18: =IF($A18="","",SUMIFS('Production Log'!$L$5:$L$504,'Production Log'!$C$5:$C$504,$A18,'Production Log'!$A$5:$A$504,">="&$D$3,'Production Log'!$A$5:$A$504,"<="&$D$4)) | H18: =IF($A18="","",IF(B18=0,"",C18/B18)) | I18: =IF($A18="","",IF(C18=0,"",G18/C18)) | J18: =IF($A18="","",IF(E18=0,"",F18/E18)) | K18: =IF(OR(H18="",I18="",J18=""),"",H18*I18*J18) | L18: =IF(K18="","",K18-$B$5)
A19: =IF(Setup!A15="","",Setup!A15) | B19: =IF($A19="","",SUMIFS('Production Log'!$I$5:$I$504,'Production Log'!$C$5:$C$504,$A19,'Production Log'!$A$5:$A$504,">="&$D$3,'Production Log'!$A$5:$A$504,"<="&$D$4)) | C19: =IF($A19="","",SUMIFS('Production Log'!$J$5:$J$504,'Production Log'!$C$5:$C$504,$A19,'Production Log'!$A$5:$A$504,">="&$D$3,'Production Log'!$A$5:$A$504,"<="&$D$4)) | D19: =IF($A19="","",SUMIFS('Production Log'!$F$5:$F$504,'Production Log'!$C$5:$C$504,$A19,'Production Log'!$A$5:$A$504,">="&$D$3,'Production Log'!$A$5:$A$504,"<="&$D$4)) | E19: =IF($A19="","",SUMIFS('Production Log'!$G$5:$G$504,'Production Log'!$C$5:$C$504,$A19,'Production Log'!$A$5:$A$504,">="&$D$3,'Production Log'!$A$5:$A$504,"<="&$D$4)) | F19: =IF($A19="","",SUMIFS('Production Log'!$M$5:$M$504,'Production Log'!$C$5:$C$504,$A19,'Production Log'!$A$5:$A$504,">="&$D$3,'Production Log'!$A$5:$A$504,"<="&$D$4)) | G19: =IF($A19="","",SUMIFS('Production Log'!$L$5:$L$504,'Production Log'!$C$5:$C$504,$A19,'Production Log'!$A$5:$A$504,">="&$D$3,'Production Log'!$A$5:$A$504,"<="&$D$4)) | H19: =IF($A19="","",IF(B19=0,"",C19/B19)) | I19: =IF($A19="","",IF(C19=0,"",G19/C19)) | J19: =IF($A19="","",IF(E19=0,"",F19/E19)) | K19: =IF(OR(H19="",I19="",J19=""),"",H19*I19*J19) | L19: =IF(K19="","",K19-$B$5)
A20: =IF(Setup!A16="","",Setup!A16) | B20: =IF($A20="","",SUMIFS('Production Log'!$I$5:$I$504,'Production Log'!$C$5:$C$504,$A20,'Production Log'!$A$5:$A$504,">="&$D$3,'Production Log'!$A$5:$A$504,"<="&$D$4)) | C20: =IF($A20="","",SUMIFS('Production Log'!$J$5:$J$504,'Production Log'!$C$5:$C$504,$A20,'Production Log'!$A$5:$A$504,">="&$D$3,'Production Log'!$A$5:$A$504,"<="&$D$4)) | D20: =IF($A20="","",SUMIFS('Production Log'!$F$5:$F$504,'Production Log'!$C$5:$C$504,$A20,'Production Log'!$A$5:$A$504,">="&$D$3,'Production Log'!$A$5:$A$504,"<="&$D$4)) | E20: =IF($A20="","",SUMIFS('Production Log'!$G$5:$G$504,'Production Log'!$C$5:$C$504,$A20,'Production Log'!$A$5:$A$504,">="&$D$3,'Production Log'!$A$5:$A$504,"<="&$D$4)) | F20: =IF($A20="","",SUMIFS('Production Log'!$M$5:$M$504,'Production Log'!$C$5:$C$504,$A20,'Production Log'!$A$5:$A$504,">="&$D$3,'Production Log'!$A$5:$A$504,"<="&$D$4)) | G20: =IF($A20="","",SUMIFS('Production Log'!$L$5:$L$504,'Production Log'!$C$5:$C$504,$A20,'Production Log'!$A$5:$A$504,">="&$D$3,'Production Log'!$A$5:$A$504,"<="&$D$4)) | H20: =IF($A20="","",IF(B20=0,"",C20/B20)) | I20: =IF($A20="","",IF(C20=0,"",G20/C20)) | J20: =IF($A20="","",IF(E20=0,"",F20/E20)) | K20: =IF(OR(H20="",I20="",J20=""),"",H20*I20*J20) | L20: =IF(K20="","",K20-$B$5)
... A28: =IF(Setup!A24="","",Setup!A24) | B28: =IF($A28="","",SUMIFS('Production Log'!$I$5:$I$504,'Production Log'!$C$5:$C$504,$A28,'Production Log'!$A$5:$A$504,">="&$D$3,'Production Log'!$A$5:$A$504,"<="&$D$4)) | C28: =IF($A28="","",SUMIFS('Production Log'!$J$5:$J$504,'Production Log'!$C$5:$C$504,$A28,'Production Log'!$A$5:$A$504,">="&$D$3,'Production Log'!$A$5:$A$504,"<="&$D$4)) | D28: =IF($A28="","",SUMIFS('Production Log'!$F$5:$F$504,'Production Log'!$C$5:$C$504,$A28,'Production Log'!$A$5:$A$504,">="&$D$3,'Production Log'!$A$5:$A$504,"<="&$D$4)) | E28: =IF($A28="","",SUMIFS('Production Log'!$G$5:$G$504,'Production Log'!$C$5:$C$504,$A28,'Production Log'!$A$5:$A$504,">="&$D$3,'Production Log'!$A$5:$A$504,"<="&$D$4)) | F28: =IF($A28="","",SUMIFS('Production Log'!$M$5:$M$504,'Production Log'!$C$5:$C$504,$A28,'Production Log'!$A$5:$A$504,">="&$D$3,'Production Log'!$A$5:$A$504,"<="&$D$4)) | G28: =IF($A28="","",SUMIFS('Production Log'!$L$5:$L$504,'Production Log'!$C$5:$C$504,$A28,'Production Log'!$A$5:$A$504,">="&$D$3,'Production Log'!$A$5:$A$504,"<="&$D$4)) | H28: =IF($A28="","",IF(B28=0,"",C28/B28)) | I28: =IF($A28="","",IF(C28=0,"",G28/C28)) | J28: =IF($A28="","",IF(E28=0,"",F28/E28)) | K28: =IF(OR(H28="",I28="",J28=""),"",H28*I28*J28) | L28: =IF(K28="","",K28-$B$5)
A29: All machines | B29: =SUM(B9:B28) -> 2640 | C29: =SUM(C9:C28) -> 2355 | D29: =SUM(D9:D28) -> 285 | E29: =SUM(E9:E28) -> 21450 | F29: =SUM(F9:F28) -> 21147 | G29: =SUM(G9:G28) -> 2125.8333 | H29: =IF(B29=0,"",C29/B29) -> 0.89204545 | I29: =IF(C29=0,"",G29/C29) -> 0.90268931 | J29: =IF(E29=0,"",F29/E29) -> 0.98587413 | K29: =IF(OR(H29="",I29="",J29=""),"",H29*I29*J29) -> 0.79386518 | L29: =IF(K29="","",K29-$B$5) -> -0.056134818
