Workbook

Sheet How to use
A1: Preventive Maintenance Schedule
A2: Version 1.0
B4: What this does
B6: List every recurring maintenance task with how often it's due. Log completions as they happen, and the plan shows each task's next due date and whether it is overdue, due soon or OK.
B7: Colour key
B9: Yellow cells are for you to fill in.
B10: Grey cells are calculated. Don't type over them.
B11: Steps
B13: 1. PM Plan: one row per asset + task, with the frequency in days (7 = every week, 30 = about monthly, 90 = about quarterly, 365 = about yearly). Due dates count fixed days from the last completion. If you know when a task was last done before you started using this workbook, enter it under 'Last done before log'.
B14: 2. Completion Log: each time a task is done, add a row with the date, the asset and the task, picked from the drop-downs so they match the plan exactly. The 'Matches plan?' column warns you if they don't.
B15: 3. The plan updates automatically: last completed date, next due date, days left and status.
B16: 4. Change the 'Due soon' window at the top of the PM Plan (default 7 days).
B17: 5. A task with no completion and no earlier date shows as due today, every day, until you log it or enter a last-done date.
B18: Status 'Check frequency', 'Duplicate row' or 'Fill in asset and task' means that row needs fixing; the Needs fixing count is at the top.
... B22: Sort or filter the PM Plan by Status to get this week's work list. Excel: Data > Filter.

Sheet PM Plan
A1: PM Plan | K1: Overdue | L1: =COUNTIF($I$5:$I$304,"OVERDUE") -> 1
A2: One row per asset and task. | G2: Due soon window (days) | I2: 7 | K2: Due soon | L2: =COUNTIF($I$5:$I$304,"Due soon") -> 2
K3: OK | L3: =COUNTIF($I$5:$I$304,"OK") -> 2
A4: Asset | B4: Task | C4: Frequency (days) | D4: Assigned to | E4: Last done before log | F4: Last completed | G4: Next due | H4: Days until due | I4: Status | J4: Notes | K4: Needs fixing | L4: =COUNTIF($I$5:$I$304,"Check frequency")+COUNTIF($I$5:$I$304,"Duplicate row")+COUNTIF($I$5:$I$304,"Fill in asset and task") -> 0
A5: Air compressor 1 | B5: Change oil filter | C5: 90 | D5: Maintenance | E5: =TODAY()-100 -> 46206 | F5: =IF(OR(A5="",B5=""),"",IF(MAX(N(E5),SUMPRODUCT(MAX(('Completion Log'!$B$5:$B$2004=A5)*('Completion Log'!$C$5:$C$2004=B5)*'Completion Log'!$A$5:$A$2004)))=0,"",MAX(N(E5),SUMPRODUCT(MAX(('Completion Log'!$B$5:$B$2004=A5)*('Completion Log'!$C$5:$C$2004=B5)*'Completion Log'!$A$5:$A$2004))))) -> 46206 | G5: =IF(OR(A5="",B5="",OR(NOT(ISNUMBER(C5)),N(C5)<=0)),"",IF(F5="",TODAY(),F5+C5)) -> 46296 | H5: =IF(G5="","",G5-TODAY()) -> -10 | I5: =IF(AND(A5="",B5=""),"",IF(OR(A5="",B5=""),"Fill in asset and task",IF(OR(NOT(ISNUMBER(C5)),N(C5)<=0),"Check frequency",IF(SUMPRODUCT(($A$5:$A$304=A5)*($B$5:$B$304=B5))>1,"Duplicate row",IF(H5<0,"OVERDUE",IF(H5<=$I$2,"Due soon","OK")))))) -> OVERDUE | J5: EXAMPLE
A6: Press 01 | B6: Lubricate slides and gibs | C6: 7 | D6: Operator | E6: =TODAY()-3 -> 46303 | F6: =IF(OR(A6="",B6=""),"",IF(MAX(N(E6),SUMPRODUCT(MAX(('Completion Log'!$B$5:$B$2004=A6)*('Completion Log'!$C$5:$C$2004=B6)*'Completion Log'!$A$5:$A$2004)))=0,"",MAX(N(E6),SUMPRODUCT(MAX(('Completion Log'!$B$5:$B$2004=A6)*('Completion Log'!$C$5:$C$2004=B6)*'Completion Log'!$A$5:$A$2004))))) -> 46303 | G6: =IF(OR(A6="",B6="",OR(NOT(ISNUMBER(C6)),N(C6)<=0)),"",IF(F6="",TODAY(),F6+C6)) -> 46310 | H6: =IF(G6="","",G6-TODAY()) -> 4 | I6: =IF(AND(A6="",B6=""),"",IF(OR(A6="",B6=""),"Fill in asset and task",IF(OR(NOT(ISNUMBER(C6)),N(C6)<=0),"Check frequency",IF(SUMPRODUCT(($A$5:$A$304=A6)*($B$5:$B$304=B6))>1,"Duplicate row",IF(H6<0,"OVERDUE",IF(H6<=$I$2,"Due soon","OK")))))) -> Due soon | J6: EXAMPLE
A7: Forklift 2 | B7: Inspect forks, chains and hydraulics | C7: 30 | D7: Maintenance | E7: =TODAY()-27 -> 46279 | F7: =IF(OR(A7="",B7=""),"",IF(MAX(N(E7),SUMPRODUCT(MAX(('Completion Log'!$B$5:$B$2004=A7)*('Completion Log'!$C$5:$C$2004=B7)*'Completion Log'!$A$5:$A$2004)))=0,"",MAX(N(E7),SUMPRODUCT(MAX(('Completion Log'!$B$5:$B$2004=A7)*('Completion Log'!$C$5:$C$2004=B7)*'Completion Log'!$A$5:$A$2004))))) -> 46279 | G7: =IF(OR(A7="",B7="",OR(NOT(ISNUMBER(C7)),N(C7)<=0)),"",IF(F7="",TODAY(),F7+C7)) -> 46309 | H7: =IF(G7="","",G7-TODAY()) -> 3 | I7: =IF(AND(A7="",B7=""),"",IF(OR(A7="",B7=""),"Fill in asset and task",IF(OR(NOT(ISNUMBER(C7)),N(C7)<=0),"Check frequency",IF(SUMPRODUCT(($A$5:$A$304=A7)*($B$5:$B$304=B7))>1,"Duplicate row",IF(H7<0,"OVERDUE",IF(H7<=$I$2,"Due soon","OK")))))) -> Due soon | J7: EXAMPLE
A8: CNC Lathe 02 | B8: Clean chip conveyor and coolant filter | C8: 14 | D8: Operator | F8: =IF(OR(A8="",B8=""),"",IF(MAX(N(E8),SUMPRODUCT(MAX(('Completion Log'!$B$5:$B$2004=A8)*('Completion Log'!$C$5:$C$2004=B8)*'Completion Log'!$A$5:$A$2004)))=0,"",MAX(N(E8),SUMPRODUCT(MAX(('Completion Log'!$B$5:$B$2004=A8)*('Completion Log'!$C$5:$C$2004=B8)*'Completion Log'!$A$5:$A$2004))))) -> 46304 | G8: =IF(OR(A8="",B8="",OR(NOT(ISNUMBER(C8)),N(C8)<=0)),"",IF(F8="",TODAY(),F8+C8)) -> 46318 | H8: =IF(G8="","",G8-TODAY()) -> 12 | I8: =IF(AND(A8="",B8=""),"",IF(OR(A8="",B8=""),"Fill in asset and task",IF(OR(NOT(ISNUMBER(C8)),N(C8)<=0),"Check frequency",IF(SUMPRODUCT(($A$5:$A$304=A8)*($B$5:$B$304=B8))>1,"Duplicate row",IF(H8<0,"OVERDUE",IF(H8<=$I$2,"Due soon","OK")))))) -> OK | J8: EXAMPLE
A9: Dust collector | B9: Replace filter cartridges | C9: 180 | D9: Maintenance | E9: =TODAY()-20 -> 46286 | F9: =IF(OR(A9="",B9=""),"",IF(MAX(N(E9),SUMPRODUCT(MAX(('Completion Log'!$B$5:$B$2004=A9)*('Completion Log'!$C$5:$C$2004=B9)*'Completion Log'!$A$5:$A$2004)))=0,"",MAX(N(E9),SUMPRODUCT(MAX(('Completion Log'!$B$5:$B$2004=A9)*('Completion Log'!$C$5:$C$2004=B9)*'Completion Log'!$A$5:$A$2004))))) -> 46286 | G9: =IF(OR(A9="",B9="",OR(NOT(ISNUMBER(C9)),N(C9)<=0)),"",IF(F9="",TODAY(),F9+C9)) -> 46466 | H9: =IF(G9="","",G9-TODAY()) -> 160 | I9: =IF(AND(A9="",B9=""),"",IF(OR(A9="",B9=""),"Fill in asset and task",IF(OR(NOT(ISNUMBER(C9)),N(C9)<=0),"Check frequency",IF(SUMPRODUCT(($A$5:$A$304=A9)*($B$5:$B$304=B9))>1,"Duplicate row",IF(H9<0,"OVERDUE",IF(H9<=$I$2,"Due soon","OK")))))) -> OK | J9: EXAMPLE
F10: =IF(OR(A10="",B10=""),"",IF(MAX(N(E10),SUMPRODUCT(MAX(('Completion Log'!$B$5:$B$2004=A10)*('Completion Log'!$C$5:$C$2004=B10)*'Completion Log'!$A$5:$A$2004)))=0,"",MAX(N(E10),SUMPRODUCT(MAX(('Completion Log'!$B$5:$B$2004=A10)*('Completion Log'!$C$5:$C$2004=B10)*'Completion Log'!$A$5:$A$2004))))) | G10: =IF(OR(A10="",B10="",OR(NOT(ISNUMBER(C10)),N(C10)<=0)),"",IF(F10="",TODAY(),F10+C10)) | H10: =IF(G10="","",G10-TODAY()) | I10: =IF(AND(A10="",B10=""),"",IF(OR(A10="",B10=""),"Fill in asset and task",IF(OR(NOT(ISNUMBER(C10)),N(C10)<=0),"Check frequency",IF(SUMPRODUCT(($A$5:$A$304=A10)*($B$5:$B$304=B10))>1,"Duplicate row",IF(H10<0,"OVERDUE",IF(H10<=$I$2,"Due soon","OK"))))))
F11: =IF(OR(A11="",B11=""),"",IF(MAX(N(E11),SUMPRODUCT(MAX(('Completion Log'!$B$5:$B$2004=A11)*('Completion Log'!$C$5:$C$2004=B11)*'Completion Log'!$A$5:$A$2004)))=0,"",MAX(N(E11),SUMPRODUCT(MAX(('Completion Log'!$B$5:$B$2004=A11)*('Completion Log'!$C$5:$C$2004=B11)*'Completion Log'!$A$5:$A$2004))))) | G11: =IF(OR(A11="",B11="",OR(NOT(ISNUMBER(C11)),N(C11)<=0)),"",IF(F11="",TODAY(),F11+C11)) | H11: =IF(G11="","",G11-TODAY()) | I11: =IF(AND(A11="",B11=""),"",IF(OR(A11="",B11=""),"Fill in asset and task",IF(OR(NOT(ISNUMBER(C11)),N(C11)<=0),"Check frequency",IF(SUMPRODUCT(($A$5:$A$304=A11)*($B$5:$B$304=B11))>1,"Duplicate row",IF(H11<0,"OVERDUE",IF(H11<=$I$2,"Due soon","OK"))))))
F12: =IF(OR(A12="",B12=""),"",IF(MAX(N(E12),SUMPRODUCT(MAX(('Completion Log'!$B$5:$B$2004=A12)*('Completion Log'!$C$5:$C$2004=B12)*'Completion Log'!$A$5:$A$2004)))=0,"",MAX(N(E12),SUMPRODUCT(MAX(('Completion Log'!$B$5:$B$2004=A12)*('Completion Log'!$C$5:$C$2004=B12)*'Completion Log'!$A$5:$A$2004))))) | G12: =IF(OR(A12="",B12="",OR(NOT(ISNUMBER(C12)),N(C12)<=0)),"",IF(F12="",TODAY(),F12+C12)) | H12: =IF(G12="","",G12-TODAY()) | I12: =IF(AND(A12="",B12=""),"",IF(OR(A12="",B12=""),"Fill in asset and task",IF(OR(NOT(ISNUMBER(C12)),N(C12)<=0),"Check frequency",IF(SUMPRODUCT(($A$5:$A$304=A12)*($B$5:$B$304=B12))>1,"Duplicate row",IF(H12<0,"OVERDUE",IF(H12<=$I$2,"Due soon","OK"))))))
F13: =IF(OR(A13="",B13=""),"",IF(MAX(N(E13),SUMPRODUCT(MAX(('Completion Log'!$B$5:$B$2004=A13)*('Completion Log'!$C$5:$C$2004=B13)*'Completion Log'!$A$5:$A$2004)))=0,"",MAX(N(E13),SUMPRODUCT(MAX(('Completion Log'!$B$5:$B$2004=A13)*('Completion Log'!$C$5:$C$2004=B13)*'Completion Log'!$A$5:$A$2004))))) | G13: =IF(OR(A13="",B13="",OR(NOT(ISNUMBER(C13)),N(C13)<=0)),"",IF(F13="",TODAY(),F13+C13)) | H13: =IF(G13="","",G13-TODAY()) | I13: =IF(AND(A13="",B13=""),"",IF(OR(A13="",B13=""),"Fill in asset and task",IF(OR(NOT(ISNUMBER(C13)),N(C13)<=0),"Check frequency",IF(SUMPRODUCT(($A$5:$A$304=A13)*($B$5:$B$304=B13))>1,"Duplicate row",IF(H13<0,"OVERDUE",IF(H13<=$I$2,"Due soon","OK"))))))
F14: =IF(OR(A14="",B14=""),"",IF(MAX(N(E14),SUMPRODUCT(MAX(('Completion Log'!$B$5:$B$2004=A14)*('Completion Log'!$C$5:$C$2004=B14)*'Completion Log'!$A$5:$A$2004)))=0,"",MAX(N(E14),SUMPRODUCT(MAX(('Completion Log'!$B$5:$B$2004=A14)*('Completion Log'!$C$5:$C$2004=B14)*'Completion Log'!$A$5:$A$2004))))) | G14: =IF(OR(A14="",B14="",OR(NOT(ISNUMBER(C14)),N(C14)<=0)),"",IF(F14="",TODAY(),F14+C14)) | H14: =IF(G14="","",G14-TODAY()) | I14: =IF(AND(A14="",B14=""),"",IF(OR(A14="",B14=""),"Fill in asset and task",IF(OR(NOT(ISNUMBER(C14)),N(C14)<=0),"Check frequency",IF(SUMPRODUCT(($A$5:$A$304=A14)*($B$5:$B$304=B14))>1,"Duplicate row",IF(H14<0,"OVERDUE",IF(H14<=$I$2,"Due soon","OK"))))))
F15: =IF(OR(A15="",B15=""),"",IF(MAX(N(E15),SUMPRODUCT(MAX(('Completion Log'!$B$5:$B$2004=A15)*('Completion Log'!$C$5:$C$2004=B15)*'Completion Log'!$A$5:$A$2004)))=0,"",MAX(N(E15),SUMPRODUCT(MAX(('Completion Log'!$B$5:$B$2004=A15)*('Completion Log'!$C$5:$C$2004=B15)*'Completion Log'!$A$5:$A$2004))))) | G15: =IF(OR(A15="",B15="",OR(NOT(ISNUMBER(C15)),N(C15)<=0)),"",IF(F15="",TODAY(),F15+C15)) | H15: =IF(G15="","",G15-TODAY()) | I15: =IF(AND(A15="",B15=""),"",IF(OR(A15="",B15=""),"Fill in asset and task",IF(OR(NOT(ISNUMBER(C15)),N(C15)<=0),"Check frequency",IF(SUMPRODUCT(($A$5:$A$304=A15)*($B$5:$B$304=B15))>1,"Duplicate row",IF(H15<0,"OVERDUE",IF(H15<=$I$2,"Due soon","OK"))))))
F16: =IF(OR(A16="",B16=""),"",IF(MAX(N(E16),SUMPRODUCT(MAX(('Completion Log'!$B$5:$B$2004=A16)*('Completion Log'!$C$5:$C$2004=B16)*'Completion Log'!$A$5:$A$2004)))=0,"",MAX(N(E16),SUMPRODUCT(MAX(('Completion Log'!$B$5:$B$2004=A16)*('Completion Log'!$C$5:$C$2004=B16)*'Completion Log'!$A$5:$A$2004))))) | G16: =IF(OR(A16="",B16="",OR(NOT(ISNUMBER(C16)),N(C16)<=0)),"",IF(F16="",TODAY(),F16+C16)) | H16: =IF(G16="","",G16-TODAY()) | I16: =IF(AND(A16="",B16=""),"",IF(OR(A16="",B16=""),"Fill in asset and task",IF(OR(NOT(ISNUMBER(C16)),N(C16)<=0),"Check frequency",IF(SUMPRODUCT(($A$5:$A$304=A16)*($B$5:$B$304=B16))>1,"Duplicate row",IF(H16<0,"OVERDUE",IF(H16<=$I$2,"Due soon","OK"))))))
F17: =IF(OR(A17="",B17=""),"",IF(MAX(N(E17),SUMPRODUCT(MAX(('Completion Log'!$B$5:$B$2004=A17)*('Completion Log'!$C$5:$C$2004=B17)*'Completion Log'!$A$5:$A$2004)))=0,"",MAX(N(E17),SUMPRODUCT(MAX(('Completion Log'!$B$5:$B$2004=A17)*('Completion Log'!$C$5:$C$2004=B17)*'Completion Log'!$A$5:$A$2004))))) | G17: =IF(OR(A17="",B17="",OR(NOT(ISNUMBER(C17)),N(C17)<=0)),"",IF(F17="",TODAY(),F17+C17)) | H17: =IF(G17="","",G17-TODAY()) | I17: =IF(AND(A17="",B17=""),"",IF(OR(A17="",B17=""),"Fill in asset and task",IF(OR(NOT(ISNUMBER(C17)),N(C17)<=0),"Check frequency",IF(SUMPRODUCT(($A$5:$A$304=A17)*($B$5:$B$304=B17))>1,"Duplicate row",IF(H17<0,"OVERDUE",IF(H17<=$I$2,"Due soon","OK"))))))
F18: =IF(OR(A18="",B18=""),"",IF(MAX(N(E18),SUMPRODUCT(MAX(('Completion Log'!$B$5:$B$2004=A18)*('Completion Log'!$C$5:$C$2004=B18)*'Completion Log'!$A$5:$A$2004)))=0,"",MAX(N(E18),SUMPRODUCT(MAX(('Completion Log'!$B$5:$B$2004=A18)*('Completion Log'!$C$5:$C$2004=B18)*'Completion Log'!$A$5:$A$2004))))) | G18: =IF(OR(A18="",B18="",OR(NOT(ISNUMBER(C18)),N(C18)<=0)),"",IF(F18="",TODAY(),F18+C18)) | H18: =IF(G18="","",G18-TODAY()) | I18: =IF(AND(A18="",B18=""),"",IF(OR(A18="",B18=""),"Fill in asset and task",IF(OR(NOT(ISNUMBER(C18)),N(C18)<=0),"Check frequency",IF(SUMPRODUCT(($A$5:$A$304=A18)*($B$5:$B$304=B18))>1,"Duplicate row",IF(H18<0,"OVERDUE",IF(H18<=$I$2,"Due soon","OK"))))))
F19: =IF(OR(A19="",B19=""),"",IF(MAX(N(E19),SUMPRODUCT(MAX(('Completion Log'!$B$5:$B$2004=A19)*('Completion Log'!$C$5:$C$2004=B19)*'Completion Log'!$A$5:$A$2004)))=0,"",MAX(N(E19),SUMPRODUCT(MAX(('Completion Log'!$B$5:$B$2004=A19)*('Completion Log'!$C$5:$C$2004=B19)*'Completion Log'!$A$5:$A$2004))))) | G19: =IF(OR(A19="",B19="",OR(NOT(ISNUMBER(C19)),N(C19)<=0)),"",IF(F19="",TODAY(),F19+C19)) | H19: =IF(G19="","",G19-TODAY()) | I19: =IF(AND(A19="",B19=""),"",IF(OR(A19="",B19=""),"Fill in asset and task",IF(OR(NOT(ISNUMBER(C19)),N(C19)<=0),"Check frequency",IF(SUMPRODUCT(($A$5:$A$304=A19)*($B$5:$B$304=B19))>1,"Duplicate row",IF(H19<0,"OVERDUE",IF(H19<=$I$2,"Due soon","OK"))))))
F20: =IF(OR(A20="",B20=""),"",IF(MAX(N(E20),SUMPRODUCT(MAX(('Completion Log'!$B$5:$B$2004=A20)*('Completion Log'!$C$5:$C$2004=B20)*'Completion Log'!$A$5:$A$2004)))=0,"",MAX(N(E20),SUMPRODUCT(MAX(('Completion Log'!$B$5:$B$2004=A20)*('Completion Log'!$C$5:$C$2004=B20)*'Completion Log'!$A$5:$A$2004))))) | G20: =IF(OR(A20="",B20="",OR(NOT(ISNUMBER(C20)),N(C20)<=0)),"",IF(F20="",TODAY(),F20+C20)) | H20: =IF(G20="","",G20-TODAY()) | I20: =IF(AND(A20="",B20=""),"",IF(OR(A20="",B20=""),"Fill in asset and task",IF(OR(NOT(ISNUMBER(C20)),N(C20)<=0),"Check frequency",IF(SUMPRODUCT(($A$5:$A$304=A20)*($B$5:$B$304=B20))>1,"Duplicate row",IF(H20<0,"OVERDUE",IF(H20<=$I$2,"Due soon","OK"))))))
F21: =IF(OR(A21="",B21=""),"",IF(MAX(N(E21),SUMPRODUCT(MAX(('Completion Log'!$B$5:$B$2004=A21)*('Completion Log'!$C$5:$C$2004=B21)*'Completion Log'!$A$5:$A$2004)))=0,"",MAX(N(E21),SUMPRODUCT(MAX(('Completion Log'!$B$5:$B$2004=A21)*('Completion Log'!$C$5:$C$2004=B21)*'Completion Log'!$A$5:$A$2004))))) | G21: =IF(OR(A21="",B21="",OR(NOT(ISNUMBER(C21)),N(C21)<=0)),"",IF(F21="",TODAY(),F21+C21)) | H21: =IF(G21="","",G21-TODAY()) | I21: =IF(AND(A21="",B21=""),"",IF(OR(A21="",B21=""),"Fill in asset and task",IF(OR(NOT(ISNUMBER(C21)),N(C21)<=0),"Check frequency",IF(SUMPRODUCT(($A$5:$A$304=A21)*($B$5:$B$304=B21))>1,"Duplicate row",IF(H21<0,"OVERDUE",IF(H21<=$I$2,"Due soon","OK"))))))
... F304: =IF(OR(A304="",B304=""),"",IF(MAX(N(E304),SUMPRODUCT(MAX(('Completion Log'!$B$5:$B$2004=A304)*('Completion Log'!$C$5:$C$2004=B304)*'Completion Log'!$A$5:$A$2004)))=0,"",MAX(N(E304),SUMPRODUCT(MAX(('Completion Log'!$B$5:$B$2004=A304)*('Completion Log'!$C$5:$C$2004=B304)*'Completion Log'!$A$5:$A$2004))))) | G304: =IF(OR(A304="",B304="",OR(NOT(ISNUMBER(C304)),N(C304)<=0)),"",IF(F304="",TODAY(),F304+C304)) | H304: =IF(G304="","",G304-TODAY()) | I304: =IF(AND(A304="",B304=""),"",IF(OR(A304="",B304=""),"Fill in asset and task",IF(OR(NOT(ISNUMBER(C304)),N(C304)<=0),"Check frequency",IF(SUMPRODUCT(($A$5:$A$304=A304)*($B$5:$B$304=B304))>1,"Duplicate row",IF(H304<0,"OVERDUE",IF(H304<=$I$2,"Due soon","OK"))))))

Sheet Completion Log
A1: Completion Log
A2: Add a row each time a task is completed. Pick asset and task from the drop-downs.
A4: Date done | B4: Asset | C4: Task | D4: Done by | E4: Notes | F4: Matches plan?
A5: =TODAY()-2 -> 46304 | B5: CNC Lathe 02 | C5: Clean chip conveyor and coolant filter | D5: J. Smith | E5: EXAMPLE | F5: =IF(AND(A5="",B5="",C5=""),"",IF(NOT(ISNUMBER(A5)),"Enter the date done",IF(OR(B5="",C5=""),"Fill in asset and task",IF(SUMPRODUCT(('PM Plan'!$A$5:$A$304=B5)*('PM Plan'!$B$5:$B$304=C5))=0,"No matching asset + task in plan","OK")))) -> OK
F6: =IF(AND(A6="",B6="",C6=""),"",IF(NOT(ISNUMBER(A6)),"Enter the date done",IF(OR(B6="",C6=""),"Fill in asset and task",IF(SUMPRODUCT(('PM Plan'!$A$5:$A$304=B6)*('PM Plan'!$B$5:$B$304=C6))=0,"No matching asset + task in plan","OK"))))
F7: =IF(AND(A7="",B7="",C7=""),"",IF(NOT(ISNUMBER(A7)),"Enter the date done",IF(OR(B7="",C7=""),"Fill in asset and task",IF(SUMPRODUCT(('PM Plan'!$A$5:$A$304=B7)*('PM Plan'!$B$5:$B$304=C7))=0,"No matching asset + task in plan","OK"))))
F8: =IF(AND(A8="",B8="",C8=""),"",IF(NOT(ISNUMBER(A8)),"Enter the date done",IF(OR(B8="",C8=""),"Fill in asset and task",IF(SUMPRODUCT(('PM Plan'!$A$5:$A$304=B8)*('PM Plan'!$B$5:$B$304=C8))=0,"No matching asset + task in plan","OK"))))
F9: =IF(AND(A9="",B9="",C9=""),"",IF(NOT(ISNUMBER(A9)),"Enter the date done",IF(OR(B9="",C9=""),"Fill in asset and task",IF(SUMPRODUCT(('PM Plan'!$A$5:$A$304=B9)*('PM Plan'!$B$5:$B$304=C9))=0,"No matching asset + task in plan","OK"))))
F10: =IF(AND(A10="",B10="",C10=""),"",IF(NOT(ISNUMBER(A10)),"Enter the date done",IF(OR(B10="",C10=""),"Fill in asset and task",IF(SUMPRODUCT(('PM Plan'!$A$5:$A$304=B10)*('PM Plan'!$B$5:$B$304=C10))=0,"No matching asset + task in plan","OK"))))
F11: =IF(AND(A11="",B11="",C11=""),"",IF(NOT(ISNUMBER(A11)),"Enter the date done",IF(OR(B11="",C11=""),"Fill in asset and task",IF(SUMPRODUCT(('PM Plan'!$A$5:$A$304=B11)*('PM Plan'!$B$5:$B$304=C11))=0,"No matching asset + task in plan","OK"))))
F12: =IF(AND(A12="",B12="",C12=""),"",IF(NOT(ISNUMBER(A12)),"Enter the date done",IF(OR(B12="",C12=""),"Fill in asset and task",IF(SUMPRODUCT(('PM Plan'!$A$5:$A$304=B12)*('PM Plan'!$B$5:$B$304=C12))=0,"No matching asset + task in plan","OK"))))
F13: =IF(AND(A13="",B13="",C13=""),"",IF(NOT(ISNUMBER(A13)),"Enter the date done",IF(OR(B13="",C13=""),"Fill in asset and task",IF(SUMPRODUCT(('PM Plan'!$A$5:$A$304=B13)*('PM Plan'!$B$5:$B$304=C13))=0,"No matching asset + task in plan","OK"))))
F14: =IF(AND(A14="",B14="",C14=""),"",IF(NOT(ISNUMBER(A14)),"Enter the date done",IF(OR(B14="",C14=""),"Fill in asset and task",IF(SUMPRODUCT(('PM Plan'!$A$5:$A$304=B14)*('PM Plan'!$B$5:$B$304=C14))=0,"No matching asset + task in plan","OK"))))
F15: =IF(AND(A15="",B15="",C15=""),"",IF(NOT(ISNUMBER(A15)),"Enter the date done",IF(OR(B15="",C15=""),"Fill in asset and task",IF(SUMPRODUCT(('PM Plan'!$A$5:$A$304=B15)*('PM Plan'!$B$5:$B$304=C15))=0,"No matching asset + task in plan","OK"))))
F16: =IF(AND(A16="",B16="",C16=""),"",IF(NOT(ISNUMBER(A16)),"Enter the date done",IF(OR(B16="",C16=""),"Fill in asset and task",IF(SUMPRODUCT(('PM Plan'!$A$5:$A$304=B16)*('PM Plan'!$B$5:$B$304=C16))=0,"No matching asset + task in plan","OK"))))
F17: =IF(AND(A17="",B17="",C17=""),"",IF(NOT(ISNUMBER(A17)),"Enter the date done",IF(OR(B17="",C17=""),"Fill in asset and task",IF(SUMPRODUCT(('PM Plan'!$A$5:$A$304=B17)*('PM Plan'!$B$5:$B$304=C17))=0,"No matching asset + task in plan","OK"))))
... F2004: =IF(AND(A2004="",B2004="",C2004=""),"",IF(NOT(ISNUMBER(A2004)),"Enter the date done",IF(OR(B2004="",C2004=""),"Fill in asset and task",IF(SUMPRODUCT(('PM Plan'!$A$5:$A$304=B2004)*('PM Plan'!$B$5:$B$304=C2004))=0,"No matching asset + task in plan","OK"))))
